,mean_fit_time,std_fit_time,mean_score_time,std_score_time,param_C,param_gamma,param_kernel,param_coef0,param_degree,params,split0_test_score,split1_test_score,split2_test_score,split3_test_score,split4_test_score,mean_test_score,std_test_score,rank_test_score,split0_train_score,split1_train_score,split2_train_score,split3_train_score,split4_train_score,mean_train_score,std_train_score
0,2.7571060180664064,0.6073709295798861,3.728810453414917,0.6351973119113928,0.1,0.01,rbf,,,"{'C': 0.1, 'gamma': 0.01, 'kernel': 'rbf'}",0.9345,0.9345,0.9345,0.9345,0.961,0.9398,0.010599999999999986,111,0.942375,0.942375,0.942375,0.942375,0.936,0.9410999999999999,0.0025499999999999633
1,5.174012041091919,0.3277185948083717,4.405983018875122,0.18418341558301518,0.1,0.05,rbf,,,"{'C': 0.1, 'gamma': 0.05, 'kernel': 'rbf'}",0.978,0.978,0.978,0.978,0.983,0.9789999999999999,0.0020000000000000018,103,0.98025,0.98025,0.98025,0.98025,0.983,0.9808,0.0011000000000000122
2,9.767324018478394,1.0224249291954273,5.824803972244263,0.2816068265090285,0.1,0.1,rbf,,,"{'C': 0.1, 'gamma': 0.1, 'kernel': 'rbf'}",0.9905,0.9905,0.9905,0.9905,0.973,0.9870000000000001,0.007000000000000029,102,0.989125,0.989125,0.989125,0.989125,0.9955,0.9904,0.002550000000000008
3,4.478764581680298,0.33191977653386956,4.075836086273194,0.29247622575360627,0.1,0.05,rbf,,,"{'C': 0.1, 'gamma': 0.05, 'kernel': 'rbf'}",0.978,0.978,0.978,0.978,0.983,0.9789999999999999,0.0020000000000000018,103,0.98025,0.98025,0.98025,0.98025,0.983,0.9808,0.0011000000000000122
4,1.2563420295715333,0.08731619660995786,1.9376119136810304,0.10598978464511209,1,0.01,rbf,,,"{'C': 1, 'gamma': 0.01, 'kernel': 'rbf'}",0.99,0.99,0.99,0.99,0.9935,0.9907,0.0014000000000000234,100,0.991375,0.991375,0.991375,0.991375,0.991,0.9913000000000001,0.00015000000000000568
5,1.792107343673706,0.12411846058248811,1.6058730602264404,0.17290246766686976,1,0.05,rbf,,,"{'C': 1, 'gamma': 0.05, 'kernel': 'rbf'}",1.0,1.0,1.0,1.0,0.997,0.9994,0.0012000000000000012,1,1.0,1.0,1.0,1.0,1.0,1.0,0.0
6,3.9951130867004396,0.8068977210212603,2.0504971027374266,0.3269662926524927,1,0.1,rbf,,,"{'C': 1, 'gamma': 0.1, 'kernel': 'rbf'}",1.0,1.0,1.0,1.0,0.9935,0.9987,0.00259999999999998,49,1.0,1.0,1.0,1.0,1.0,1.0,0.0
7,1.7098247051239013,0.1911999509500491,1.3643779754638672,0.1720789787470202,1,0.05,rbf,,,"{'C': 1, 'gamma': 0.05, 'kernel': 'rbf'}",1.0,1.0,1.0,1.0,0.997,0.9994,0.0012000000000000012,1,1.0,1.0,1.0,1.0,1.0,1.0,0.0
8,0.7294012069702148,0.05881224825353624,0.9304008960723877,0.08400537233939519,5,0.01,rbf,,,"{'C': 5, 'gamma': 0.01, 'kernel': 'rbf'}",1.0,1.0,1.0,1.0,0.996,0.9992000000000001,0.0016000000000000014,39,0.999875,0.999875,0.999875,0.999875,1.0,0.9998999999999999,5.00000000000167e-05
9,1.955323076248169,0.18266073066281355,1.7352946758270265,0.390782592826779,5,0.05,rbf,,,"{'C': 5, 'gamma': 0.05, 'kernel': 'rbf'}",1.0,1.0,1.0,1.0,0.997,0.9994,0.0012000000000000012,1,1.0,1.0,1.0,1.0,1.0,1.0,0.0
10,4.868480825424195,1.127588632969508,1.9489898681640625,0.3698579742552715,5,0.1,rbf,,,"{'C': 5, 'gamma': 0.1, 'kernel': 'rbf'}",1.0,1.0,1.0,1.0,0.9935,0.9987,0.00259999999999998,49,1.0,1.0,1.0,1.0,1.0,1.0,0.0
11,1.803233003616333,0.18350044645574648,1.3195729732513428,0.17333526751579825,5,0.05,rbf,,,"{'C': 5, 'gamma': 0.05, 'kernel': 'rbf'}",1.0,1.0,1.0,1.0,0.997,0.9994,0.0012000000000000012,1,1.0,1.0,1.0,1.0,1.0,1.0,0.0
12,0.8225502967834473,0.10467555459393157,0.9180484294891358,0.12872033652635487,10,0.01,rbf,,,"{'C': 10, 'gamma': 0.01, 'kernel': 'rbf'}",1.0,1.0,1.0,1.0,0.996,0.9992000000000001,0.0016000000000000014,39,1.0,1.0,1.0,1.0,1.0,1.0,0.0
13,1.7004199504852295,0.24644338225604723,1.3273983955383302,0.18848899713842443,10,0.05,rbf,,,"{'C': 10, 'gamma': 0.05, 'kernel': 'rbf'}",1.0,1.0,1.0,1.0,0.997,0.9994,0.0012000000000000012,1,1.0,1.0,1.0,1.0,1.0,1.0,0.0
14,3.2717992782592775,0.5223171052282238,1.6660307884216308,0.28343929335007806,10,0.1,rbf,,,"{'C': 10, 'gamma': 0.1, 'kernel': 'rbf'}",1.0,1.0,1.0,1.0,0.9935,0.9987,0.00259999999999998,49,1.0,1.0,1.0,1.0,1.0,1.0,0.0
15,1.5912346363067627,0.1334379956835762,1.2533856868743896,0.13873583546612578,10,0.05,rbf,,,"{'C': 10, 'gamma': 0.05, 'kernel': 'rbf'}",1.0,1.0,1.0,1.0,0.997,0.9994,0.0012000000000000012,1,1.0,1.0,1.0,1.0,1.0,1.0,0.0
16,6.530021238327026,0.2423256672444722,1.772185468673706,0.11255572989787198,0.1,0.01,poly,0,2,"{'C': 0.1, 'coef0': 0, 'degree': 2, 'gamma': 0.01, 'kernel': 'poly'}",0.8525,0.8525,0.8525,0.8525,0.902,0.8624,0.019799999999999995,116,0.864875,0.864875,0.864875,0.864875,0.8735,0.8666,0.003450000000000042
17,1.710398006439209,0.09292074052791725,0.6160176277160645,0.04398129796085348,0.1,0.05,poly,0,2,"{'C': 0.1, 'coef0': 0, 'degree': 2, 'gamma': 0.05, 'kernel': 'poly'}",0.992,0.992,0.992,0.992,0.9925,0.9921,0.0002000000000000224,97,0.99275,0.99275,0.99275,0.99275,0.9945,0.9931000000000001,0.0007000000000000117
18,1.081039810180664,0.09258200784295502,0.35786848068237304,0.013984377636988895,0.1,0.1,poly,0,2,"{'C': 0.1, 'coef0': 0, 'degree': 2, 'gamma': 0.1, 'kernel': 'poly'}",0.9995,0.9995,0.9995,0.9995,0.993,0.9982000000000001,0.0026000000000000246,75,0.9995,0.9995,0.9995,0.9995,1.0,0.9996,0.00019999999999997797
19,1.6650146484375,0.056935390179605416,0.6365808486938477,0.031231673142144294,0.1,0.05,poly,0,2,"{'C': 0.1, 'coef0': 0, 'degree': 2, 'gamma': 0.05, 'kernel': 'poly'}",0.992,0.992,0.992,0.992,0.9925,0.9921,0.0002000000000000224,97,0.99275,0.99275,0.99275,0.99275,0.9945,0.9931000000000001,0.0007000000000000117
20,9.280036735534669,0.4379131314476055,1.942774248123169,0.08505481781167729,0.1,0.01,poly,0,3,"{'C': 0.1, 'coef0': 0, 'degree': 3, 'gamma': 0.01, 'kernel': 'poly'}",0.65,0.65,0.65,0.65,0.7725,0.6745,0.048999999999999974,126,0.675375,0.675375,0.675375,0.675375,0.732,0.6866999999999999,0.022650000000000014
21,1.553624677658081,0.11324838053921238,0.4118082523345947,0.022591639858805326,0.1,0.05,poly,0,3,"{'C': 0.1, 'coef0': 0, 'degree': 3, 'gamma': 0.05, 'kernel': 'poly'}",0.9995,0.9995,0.9995,0.9995,0.997,0.999,0.0010000000000000232,47,0.999625,0.999625,0.999625,0.999625,0.9995,0.9996,4.999999999997229e-05
22,1.371600341796875,0.10438314181099138,0.32103791236877444,0.036492565909852046,0.1,0.1,poly,0,3,"{'C': 0.1, 'coef0': 0, 'degree': 3, 'gamma': 0.1, 'kernel': 'poly'}",1.0,1.0,1.0,1.0,0.9965,0.9993000000000001,0.0013999999999999792,29,1.0,1.0,1.0,1.0,1.0,1.0,0.0
23,1.537039041519165,0.121459532219759,0.410984468460083,0.013749678834110888,0.1,0.05,poly,0,3,"{'C': 0.1, 'coef0': 0, 'degree': 3, 'gamma': 0.05, 'kernel': 'poly'}",0.9995,0.9995,0.9995,0.9995,0.997,0.999,0.0010000000000000232,47,0.999625,0.999625,0.999625,0.999625,0.9995,0.9996,4.999999999997229e-05
24,2.0471994400024416,0.03555493821929444,1.0140146732330322,0.06743729317972902,0.1,0.01,poly,1,2,"{'C': 0.1, 'coef0': 1, 'degree': 2, 'gamma': 0.01, 'kernel': 'poly'}",0.933,0.933,0.933,0.933,0.9625,0.9389000000000001,0.01179999999999999,112,0.9415,0.9415,0.9415,0.9415,0.936,0.9404,0.0021999999999999797
25,0.9580063343048095,0.03861045062962941,0.40760412216186526,0.020199671348765838,0.1,0.05,poly,1,2,"{'C': 0.1, 'coef0': 1, 'degree': 2, 'gamma': 0.05, 'kernel': 'poly'}",0.9935,0.9935,0.9935,0.9935,0.9955,0.9939,0.0008000000000000007,94,0.994375,0.994375,0.994375,0.994375,0.995,0.9945,0.0002499999999999947
26,0.8820212841033935,0.07130156173011944,0.29097647666931153,0.01821928220337765,0.1,0.1,poly,1,2,"{'C': 0.1, 'coef0': 1, 'degree': 2, 'gamma': 0.1, 'kernel': 'poly'}",1.0,1.0,1.0,1.0,0.997,0.9994,0.0012000000000000012,1,0.999875,0.999875,0.999875,0.999875,1.0,0.9998999999999999,5.00000000000167e-05
27,1.2152873039245606,0.08123018286575491,0.6014388561248779,0.09211393720457771,0.1,0.05,poly,1,2,"{'C': 0.1, 'coef0': 1, 'degree': 2, 'gamma': 0.05, 'kernel': 'poly'}",0.9935,0.9935,0.9935,0.9935,0.9955,0.9939,0.0008000000000000007,94,0.994375,0.994375,0.994375,0.994375,0.995,0.9945,0.0002499999999999947
28,2.049467134475708,0.17858876801628515,1.1145869731903075,0.12137886785487331,0.1,0.01,poly,1,3,"{'C': 0.1, 'coef0': 1, 'degree': 3, 'gamma': 0.01, 'kernel': 'poly'}",0.9615,0.9615,0.9615,0.9615,0.977,0.9646000000000001,0.006199999999999983,106,0.9665,0.9665,0.9665,0.9665,0.9645,0.9661,0.0008000000000000007
29,1.3104022979736327,0.21982854740995392,0.3409985065460205,0.06452528541272912,0.1,0.05,poly,1,3,"{'C': 0.1, 'coef0': 1, 'degree': 3, 'gamma': 0.05, 'kernel': 'poly'}",1.0,1.0,1.0,1.0,0.997,0.9994,0.0012000000000000012,1,1.0,1.0,1.0,1.0,1.0,1.0,0.0
30,1.2001969814300537,0.12052221112705616,0.28960609436035156,0.03831042615677531,0.1,0.1,poly,1,3,"{'C': 0.1, 'coef0': 1, 'degree': 3, 'gamma': 0.1, 'kernel': 'poly'}",1.0,1.0,1.0,1.0,0.997,0.9994,0.0012000000000000012,1,1.0,1.0,1.0,1.0,1.0,1.0,0.0
31,0.9504154205322266,0.12537043413887214,0.28438410758972166,0.038823737414805416,0.1,0.05,poly,1,3,"{'C': 0.1, 'coef0': 1, 'degree': 3, 'gamma': 0.05, 'kernel': 'poly'}",1.0,1.0,1.0,1.0,0.997,0.9994,0.0012000000000000012,1,1.0,1.0,1.0,1.0,1.0,1.0,0.0
32,1.39600567817688,0.2319162664612916,0.6004615306854248,0.05159300775694025,0.1,0.01,poly,10,2,"{'C': 0.1, 'coef0': 10, 'degree': 2, 'gamma': 0.01, 'kernel': 'poly'}",0.961,0.961,0.961,0.961,0.976,0.9640000000000001,0.006000000000000005,107,0.9665,0.9665,0.9665,0.9665,0.965,0.9662000000000001,0.0006000000000000227
33,1.1814774513244628,0.19271562181571172,0.38086652755737305,0.07184679321836382,0.1,0.05,poly,10,2,"{'C': 0.1, 'coef0': 10, 'degree': 2, 'gamma': 0.05, 'kernel': 'poly'}",0.996,0.996,0.996,0.996,0.989,0.9945999999999999,0.002800000000000002,92,0.996625,0.996625,0.996625,0.996625,0.9985,0.9970000000000001,0.0007500000000000284
34,0.8592053413391113,0.09078137017235845,0.3011953830718994,0.041972053205249764,0.1,0.1,poly,10,2,"{'C': 0.1, 'coef0': 10, 'degree': 2, 'gamma': 0.1, 'kernel': 'poly'}",1.0,1.0,1.0,1.0,0.993,0.9986,0.0028000000000000026,52,1.0,1.0,1.0,1.0,1.0,1.0,0.0
35,0.8112049579620362,0.10783538064171373,0.2620110988616943,0.03064521444340546,0.1,0.05,poly,10,2,"{'C': 0.1, 'coef0': 10, 'degree': 2, 'gamma': 0.05, 'kernel': 'poly'}",0.996,0.996,0.996,0.996,0.989,0.9945999999999999,0.002800000000000002,92,0.996625,0.996625,0.996625,0.996625,0.9985,0.9970000000000001,0.0007500000000000284
36,0.769008207321167,0.04918082123032685,0.20259218215942382,0.016656161372229947,0.1,0.01,poly,10,3,"{'C': 0.1, 'coef0': 10, 'degree': 3, 'gamma': 0.01, 'kernel': 'poly'}",0.9985,0.9985,0.9985,0.9985,0.9855,0.9959,0.005200000000000004,89,0.99875,0.99875,0.99875,0.99875,0.9995,0.9989000000000001,0.00030000000000001136
37,0.6254059314727783,0.04185272534080563,0.18719663619995117,0.018925549758713522,0.1,0.05,poly,10,3,"{'C': 0.1, 'coef0': 10, 'degree': 3, 'gamma': 0.05, 'kernel': 'poly'}",1.0,1.0,1.0,1.0,0.993,0.9986,0.0028000000000000026,52,1.0,1.0,1.0,1.0,1.0,1.0,0.0
38,0.6424301147460938,0.03782869283718536,0.19436979293823242,0.029257621548770672,0.1,0.1,poly,10,3,"{'C': 0.1, 'coef0': 10, 'degree': 3, 'gamma': 0.1, 'kernel': 'poly'}",1.0,1.0,1.0,1.0,0.9955,0.9991,0.0017999999999999794,41,1.0,1.0,1.0,1.0,1.0,1.0,0.0
39,0.7179562091827393,0.08277270982570466,0.20339818000793458,0.02171710596807632,0.1,0.05,poly,10,3,"{'C': 0.1, 'coef0': 10, 'degree': 3, 'gamma': 0.05, 'kernel': 'poly'}",1.0,1.0,1.0,1.0,0.993,0.9986,0.0028000000000000026,52,1.0,1.0,1.0,1.0,1.0,1.0,0.0
40,2.5622037410736085,0.16141001213367562,1.0376051902770995,0.10619426382157474,1,0.01,poly,0,2,"{'C': 1, 'coef0': 0, 'degree': 2, 'gamma': 0.01, 'kernel': 'poly'}",0.9775,0.9775,0.9775,0.9775,0.9815,0.9783000000000002,0.0016000000000000014,105,0.98,0.98,0.98,0.98,0.9805,0.9801,0.0002000000000000224
41,1.0455986499786376,0.0842491655970061,0.2918215274810791,0.03229075383672758,1,0.05,poly,0,2,"{'C': 1, 'coef0': 0, 'degree': 2, 'gamma': 0.05, 'kernel': 'poly'}",1.0,1.0,1.0,1.0,0.993,0.9986,0.0028000000000000026,52,1.0,1.0,1.0,1.0,1.0,1.0,0.0
42,1.031216287612915,0.09159503031272535,0.28618593215942384,0.0336927362419408,1,0.1,poly,0,2,"{'C': 1, 'coef0': 0, 'degree': 2, 'gamma': 0.1, 'kernel': 'poly'}",1.0,1.0,1.0,1.0,0.993,0.9986,0.0028000000000000026,52,1.0,1.0,1.0,1.0,1.0,1.0,0.0
43,1.1730331897735595,0.10579047464776793,0.30819268226623536,0.011825674394291925,1,0.05,poly,0,2,"{'C': 1, 'coef0': 0, 'degree': 2, 'gamma': 0.05, 'kernel': 'poly'}",1.0,1.0,1.0,1.0,0.993,0.9986,0.0028000000000000026,52,1.0,1.0,1.0,1.0,1.0,1.0,0.0
44,4.6046043872833256,0.15819376861560627,1.4076007843017577,0.07848995497618588,1,0.01,poly,0,3,"{'C': 1, 'coef0': 0, 'degree': 3, 'gamma': 0.01, 'kernel': 'poly'}",0.956,0.956,0.956,0.956,0.959,0.9565999999999999,0.0012000000000000012,108,0.958625,0.958625,0.958625,0.958625,0.961,0.9591,0.0009500000000000064
45,1.422592544555664,0.1600007886645378,0.2902511119842529,0.02250302158120092,1,0.05,poly,0,3,"{'C': 1, 'coef0': 0, 'degree': 3, 'gamma': 0.05, 'kernel': 'poly'}",1.0,1.0,1.0,1.0,0.9965,0.9993000000000001,0.0013999999999999792,29,1.0,1.0,1.0,1.0,1.0,1.0,0.0
46,1.4620769023895264,0.14767640251791644,0.33738102912902834,0.0566452353814922,1,0.1,poly,0,3,"{'C': 1, 'coef0': 0, 'degree': 3, 'gamma': 0.1, 'kernel': 'poly'}",1.0,1.0,1.0,1.0,0.9965,0.9993000000000001,0.0013999999999999792,29,1.0,1.0,1.0,1.0,1.0,1.0,0.0
47,1.446284294128418,0.23876661431426163,0.3157782554626465,0.05657790855386602,1,0.05,poly,0,3,"{'C': 1, 'coef0': 0, 'degree': 3, 'gamma': 0.05, 'kernel': 'poly'}",1.0,1.0,1.0,1.0,0.9965,0.9993000000000001,0.0013999999999999792,29,1.0,1.0,1.0,1.0,1.0,1.0,0.0
48,1.0401880264282226,0.08226533737287685,0.39641880989074707,0.011962883557399965,1,0.01,poly,1,2,"{'C': 1, 'coef0': 1, 'degree': 2, 'gamma': 0.01, 'kernel': 'poly'}",0.988,0.988,0.988,0.988,0.99,0.9884000000000001,0.0008000000000000007,101,0.98975,0.98975,0.98975,0.98975,0.9905,0.9899000000000001,0.00030000000000001136
49,0.7213727951049804,0.043513601668999,0.21288862228393554,0.024123862665243936,1,0.05,poly,1,2,"{'C': 1, 'coef0': 1, 'degree': 2, 'gamma': 0.05, 'kernel': 'poly'}",1.0,1.0,1.0,1.0,0.997,0.9994,0.0012000000000000012,1,1.0,1.0,1.0,1.0,1.0,1.0,0.0
50,0.7300488948822021,0.05135005121124438,0.20956835746765137,0.016153648032438645,1,0.1,poly,1,2,"{'C': 1, 'coef0': 1, 'degree': 2, 'gamma': 0.1, 'kernel': 'poly'}",1.0,1.0,1.0,1.0,0.997,0.9994,0.0012000000000000012,1,1.0,1.0,1.0,1.0,1.0,1.0,0.0
51,0.6656196117401123,0.06296424383442024,0.2113955020904541,0.030052844623129703,1,0.05,poly,1,2,"{'C': 1, 'coef0': 1, 'degree': 2, 'gamma': 0.05, 'kernel': 'poly'}",1.0,1.0,1.0,1.0,0.997,0.9994,0.0012000000000000012,1,1.0,1.0,1.0,1.0,1.0,1.0,0.0
52,0.7432197570800781,0.02047112820739113,0.2897967338562012,0.00759532673391792,1,0.01,poly,1,3,"{'C': 1, 'coef0': 1, 'degree': 3, 'gamma': 0.01, 'kernel': 'poly'}",0.9975,0.9975,0.9975,0.9975,0.995,0.9970000000000001,0.001000000000000023,84,0.997875,0.997875,0.997875,0.997875,0.9985,0.998,0.0002500000000000391
53,0.871800708770752,0.09178494918696117,0.25801811218261717,0.01717516962346873,1,0.05,poly,1,3,"{'C': 1, 'coef0': 1, 'degree': 3, 'gamma': 0.05, 'kernel': 'poly'}",1.0,1.0,1.0,1.0,0.997,0.9994,0.0012000000000000012,1,1.0,1.0,1.0,1.0,1.0,1.0,0.0
54,1.1159989833831787,0.11142153577338448,0.2904106616973877,0.02949934546320627,1,0.1,poly,1,3,"{'C': 1, 'coef0': 1, 'degree': 3, 'gamma': 0.1, 'kernel': 'poly'}",1.0,1.0,1.0,1.0,0.997,0.9994,0.0012000000000000012,1,1.0,1.0,1.0,1.0,1.0,1.0,0.0
55,1.073659324645996,0.1500961735988764,0.27121481895446775,0.041398037540691233,1,0.05,poly,1,3,"{'C': 1, 'coef0': 1, 'degree': 3, 'gamma': 0.05, 'kernel': 'poly'}",1.0,1.0,1.0,1.0,0.997,0.9994,0.0012000000000000012,1,1.0,1.0,1.0,1.0,1.0,1.0,0.0
56,0.9668099403381347,0.05108379546217257,0.3238659858703613,0.05852924632180196,1,0.01,poly,10,2,"{'C': 1, 'coef0': 10, 'degree': 2, 'gamma': 0.01, 'kernel': 'poly'}",0.994,0.994,0.994,0.994,0.9815,0.9914999999999999,0.004999999999999982,99,0.99475,0.99475,0.99475,0.99475,0.996,0.9949999999999999,0.0004999999999999894
57,0.6958869934082031,0.058427316645006035,0.19019465446472167,0.024314457569715744,1,0.05,poly,10,2,"{'C': 1, 'coef0': 10, 'degree': 2, 'gamma': 0.05, 'kernel': 'poly'}",1.0,1.0,1.0,1.0,0.99,0.998,0.0040000000000000036,77,1.0,1.0,1.0,1.0,1.0,1.0,0.0
58,0.6778088569641113,0.0723826868081627,0.20339674949645997,0.042132883698325255,1,0.1,poly,10,2,"{'C': 1, 'coef0': 10, 'degree': 2, 'gamma': 0.1, 'kernel': 'poly'}",1.0,1.0,1.0,1.0,0.993,0.9986,0.0028000000000000026,52,1.0,1.0,1.0,1.0,1.0,1.0,0.0
59,0.6942190647125244,0.09480909897674553,0.18978643417358398,0.03526222709754243,1,0.05,poly,10,2,"{'C': 1, 'coef0': 10, 'degree': 2, 'gamma': 0.05, 'kernel': 'poly'}",1.0,1.0,1.0,1.0,0.99,0.998,0.0040000000000000036,77,1.0,1.0,1.0,1.0,1.0,1.0,0.0
60,0.697033166885376,0.0656421303589304,0.175803279876709,0.023002673797985592,1,0.01,poly,10,3,"{'C': 1, 'coef0': 10, 'degree': 3, 'gamma': 0.01, 'kernel': 'poly'}",1.0,1.0,1.0,1.0,0.985,0.9970000000000001,0.006000000000000005,84,1.0,1.0,1.0,1.0,1.0,1.0,0.0
61,0.6055994033813477,0.05004244483302135,0.18181700706481935,0.02538210300054447,1,0.05,poly,10,3,"{'C': 1, 'coef0': 10, 'degree': 3, 'gamma': 0.05, 'kernel': 'poly'}",1.0,1.0,1.0,1.0,0.993,0.9986,0.0028000000000000026,52,1.0,1.0,1.0,1.0,1.0,1.0,0.0
62,0.5930058002471924,0.05721626444077474,0.17879719734191896,0.025029438423832397,1,0.1,poly,10,3,"{'C': 1, 'coef0': 10, 'degree': 3, 'gamma': 0.1, 'kernel': 'poly'}",1.0,1.0,1.0,1.0,0.9955,0.9991,0.0017999999999999794,41,1.0,1.0,1.0,1.0,1.0,1.0,0.0
63,0.626598310470581,0.06021135439366258,0.18101940155029297,0.015444663463257914,1,0.05,poly,10,3,"{'C': 1, 'coef0': 10, 'degree': 3, 'gamma': 0.05, 'kernel': 'poly'}",1.0,1.0,1.0,1.0,0.993,0.9986,0.0028000000000000026,52,1.0,1.0,1.0,1.0,1.0,1.0,0.0
64,1.2415382862091064,0.03991792393267815,0.47208800315856936,0.07097772205266183,5,0.01,poly,0,2,"{'C': 5, 'coef0': 0, 'degree': 2, 'gamma': 0.01, 'kernel': 'poly'}",0.998,0.998,0.998,0.998,0.993,0.9970000000000001,0.0020000000000000018,84,0.998125,0.998125,0.998125,0.998125,0.9985,0.9982000000000001,0.00015000000000000568
65,1.0876357078552246,0.1422076989832645,0.27457275390625,0.04542506857938663,5,0.05,poly,0,2,"{'C': 5, 'coef0': 0, 'degree': 2, 'gamma': 0.05, 'kernel': 'poly'}",1.0,1.0,1.0,1.0,0.993,0.9986,0.0028000000000000026,52,1.0,1.0,1.0,1.0,1.0,1.0,0.0
66,1.1154143810272217,0.160147349785586,0.299396276473999,0.038413383974405864,5,0.1,poly,0,2,"{'C': 5, 'coef0': 0, 'degree': 2, 'gamma': 0.1, 'kernel': 'poly'}",1.0,1.0,1.0,1.0,0.993,0.9986,0.0028000000000000026,52,1.0,1.0,1.0,1.0,1.0,1.0,0.0
67,1.0198523998260498,0.07776394242382852,0.3037748336791992,0.032895959992165026,5,0.05,poly,0,2,"{'C': 5, 'coef0': 0, 'degree': 2, 'gamma': 0.05, 'kernel': 'poly'}",1.0,1.0,1.0,1.0,0.993,0.9986,0.0028000000000000026,52,1.0,1.0,1.0,1.0,1.0,1.0,0.0
68,2.2186593055725097,0.049668375694093665,0.6890971183776855,0.043739885710458594,5,0.01,poly,0,3,"{'C': 5, 'coef0': 0, 'degree': 3, 'gamma': 0.01, 'kernel': 'poly'}",0.994,0.994,0.994,0.994,0.9915,0.9935,0.0009999999999999788,96,0.994375,0.994375,0.994375,0.994375,0.995,0.9945,0.0002499999999999947
69,1.5218594551086426,0.12745657807367614,0.3615678310394287,0.03778281049631153,5,0.05,poly,0,3,"{'C': 5, 'coef0': 0, 'degree': 3, 'gamma': 0.05, 'kernel': 'poly'}",1.0,1.0,1.0,1.0,0.9965,0.9993000000000001,0.0013999999999999792,29,1.0,1.0,1.0,1.0,1.0,1.0,0.0
70,1.4478065013885497,0.18464483059157094,0.3294089317321777,0.045890471664604145,5,0.1,poly,0,3,"{'C': 5, 'coef0': 0, 'degree': 3, 'gamma': 0.1, 'kernel': 'poly'}",1.0,1.0,1.0,1.0,0.9965,0.9993000000000001,0.0013999999999999792,29,1.0,1.0,1.0,1.0,1.0,1.0,0.0
71,1.38540678024292,0.1655607019529993,0.2940096855163574,0.04432812831444643,5,0.05,poly,0,3,"{'C': 5, 'coef0': 0, 'degree': 3, 'gamma': 0.05, 'kernel': 'poly'}",1.0,1.0,1.0,1.0,0.9965,0.9993000000000001,0.0013999999999999792,29,1.0,1.0,1.0,1.0,1.0,1.0,0.0
72,0.6544180870056152,0.057662874922998604,0.24220376014709472,0.041055830417304075,5,0.01,poly,1,2,"{'C': 5, 'coef0': 1, 'degree': 2, 'gamma': 0.01, 'kernel': 'poly'}",0.999,0.999,0.999,0.999,0.993,0.9978,0.002400000000000002,83,0.999125,0.999125,0.999125,0.999125,1.0,0.9993000000000001,0.0003499999999999837
73,0.619411039352417,0.03621106372128557,0.1952211380004883,0.02634584823099941,5,0.05,poly,1,2,"{'C': 5, 'coef0': 1, 'degree': 2, 'gamma': 0.05, 'kernel': 'poly'}",1.0,1.0,1.0,1.0,0.997,0.9994,0.0012000000000000012,1,1.0,1.0,1.0,1.0,1.0,1.0,0.0
74,0.6982349395751953,0.09824945411683154,0.19538211822509766,0.007964116175730127,5,0.1,poly,1,2,"{'C': 5, 'coef0': 1, 'degree': 2, 'gamma': 0.1, 'kernel': 'poly'}",1.0,1.0,1.0,1.0,0.997,0.9994,0.0012000000000000012,1,1.0,1.0,1.0,1.0,1.0,1.0,0.0
75,0.659495735168457,0.0359558695997919,0.19439959526062012,0.019540716909900023,5,0.05,poly,1,2,"{'C': 5, 'coef0': 1, 'degree': 2, 'gamma': 0.05, 'kernel': 'poly'}",1.0,1.0,1.0,1.0,0.997,0.9994,0.0012000000000000012,1,1.0,1.0,1.0,1.0,1.0,1.0,0.0
76,0.7154022216796875,0.06411889313205694,0.24578490257263183,0.052824570346532394,5,0.01,poly,1,3,"{'C': 5, 'coef0': 1, 'degree': 3, 'gamma': 0.01, 'kernel': 'poly'}",1.0,1.0,1.0,1.0,0.9955,0.9991,0.0017999999999999794,41,1.0,1.0,1.0,1.0,1.0,1.0,0.0
77,1.155585241317749,0.19200600593083966,0.29280672073364256,0.05270419680736899,5,0.05,poly,1,3,"{'C': 5, 'coef0': 1, 'degree': 3, 'gamma': 0.05, 'kernel': 'poly'}",1.0,1.0,1.0,1.0,0.997,0.9994,0.0012000000000000012,1,1.0,1.0,1.0,1.0,1.0,1.0,0.0
78,1.4380151748657226,0.23845264831193858,0.45818629264831545,0.09430471795329513,5,0.1,poly,1,3,"{'C': 5, 'coef0': 1, 'degree': 3, 'gamma': 0.1, 'kernel': 'poly'}",1.0,1.0,1.0,1.0,0.997,0.9994,0.0012000000000000012,1,1.0,1.0,1.0,1.0,1.0,1.0,0.0
79,1.0790035247802734,0.24052431346578737,0.2673969268798828,0.040757016115834786,5,0.05,poly,1,3,"{'C': 5, 'coef0': 1, 'degree': 3, 'gamma': 0.05, 'kernel': 'poly'}",1.0,1.0,1.0,1.0,0.997,0.9994,0.0012000000000000012,1,1.0,1.0,1.0,1.0,1.0,1.0,0.0
80,0.8740049839019776,0.07958331266569661,0.21302614212036133,0.018282641772331357,5,0.01,poly,10,2,"{'C': 5, 'coef0': 10, 'degree': 2, 'gamma': 0.01, 'kernel': 'poly'}",1.0,1.0,1.0,1.0,0.978,0.9955999999999999,0.00880000000000001,90,1.0,1.0,1.0,1.0,1.0,1.0,0.0
81,0.9744181156158447,0.1679851883041687,0.2459786891937256,0.039636949119207114,5,0.05,poly,10,2,"{'C': 5, 'coef0': 10, 'degree': 2, 'gamma': 0.05, 'kernel': 'poly'}",1.0,1.0,1.0,1.0,0.99,0.998,0.0040000000000000036,77,1.0,1.0,1.0,1.0,1.0,1.0,0.0
82,0.6698109626770019,0.047973171693376775,0.200608491897583,0.016684977423146972,5,0.1,poly,10,2,"{'C': 5, 'coef0': 10, 'degree': 2, 'gamma': 0.1, 'kernel': 'poly'}",1.0,1.0,1.0,1.0,0.993,0.9986,0.0028000000000000026,52,1.0,1.0,1.0,1.0,1.0,1.0,0.0
83,0.7034034252166748,0.0800951043204844,0.18261351585388183,0.022496412056518738,5,0.05,poly,10,2,"{'C': 5, 'coef0': 10, 'degree': 2, 'gamma': 0.05, 'kernel': 'poly'}",1.0,1.0,1.0,1.0,0.99,0.998,0.0040000000000000036,77,1.0,1.0,1.0,1.0,1.0,1.0,0.0
84,0.7742369174957275,0.04828518488372166,0.22338757514953614,0.04281670009834724,5,0.01,poly,10,3,"{'C': 5, 'coef0': 10, 'degree': 3, 'gamma': 0.01, 'kernel': 'poly'}",1.0,1.0,1.0,1.0,0.985,0.9970000000000001,0.006000000000000005,84,1.0,1.0,1.0,1.0,1.0,1.0,0.0
85,0.7048022747039795,0.05098629087282725,0.21300487518310546,0.017948766098481304,5,0.05,poly,10,3,"{'C': 5, 'coef0': 10, 'degree': 3, 'gamma': 0.05, 'kernel': 'poly'}",1.0,1.0,1.0,1.0,0.993,0.9986,0.0028000000000000026,52,1.0,1.0,1.0,1.0,1.0,1.0,0.0
86,0.659983777999878,0.07878112290687331,0.21622390747070314,0.03787531462198012,5,0.1,poly,10,3,"{'C': 5, 'coef0': 10, 'degree': 3, 'gamma': 0.1, 'kernel': 'poly'}",1.0,1.0,1.0,1.0,0.9955,0.9991,0.0017999999999999794,41,1.0,1.0,1.0,1.0,1.0,1.0,0.0
87,0.7333030223846435,0.057129056794792424,0.23650074005126953,0.027227114698046135,5,0.05,poly,10,3,"{'C': 5, 'coef0': 10, 'degree': 3, 'gamma': 0.05, 'kernel': 'poly'}",1.0,1.0,1.0,1.0,0.993,0.9986,0.0028000000000000026,52,1.0,1.0,1.0,1.0,1.0,1.0,0.0
88,1.35640549659729,0.09448763971243393,0.38899846076965333,0.03240144402660729,10,0.01,poly,0,2,"{'C': 10, 'coef0': 0, 'degree': 2, 'gamma': 0.01, 'kernel': 'poly'}",0.9995,0.9995,0.9995,0.9995,0.993,0.9982000000000001,0.0026000000000000246,75,0.9995,0.9995,0.9995,0.9995,1.0,0.9996,0.00019999999999997797
89,1.2373998641967774,0.12658152724568486,0.3246002674102783,0.03780136830283795,10,0.05,poly,0,2,"{'C': 10, 'coef0': 0, 'degree': 2, 'gamma': 0.05, 'kernel': 'poly'}",1.0,1.0,1.0,1.0,0.993,0.9986,0.0028000000000000026,52,1.0,1.0,1.0,1.0,1.0,1.0,0.0
90,1.3240070819854737,0.143717928949848,0.36159253120422363,0.0605308999431526,10,0.1,poly,0,2,"{'C': 10, 'coef0': 0, 'degree': 2, 'gamma': 0.1, 'kernel': 'poly'}",1.0,1.0,1.0,1.0,0.993,0.9986,0.0028000000000000026,52,1.0,1.0,1.0,1.0,1.0,1.0,0.0
91,1.309964895248413,0.13515911402382705,0.4431661605834961,0.06055313159444765,10,0.05,poly,0,2,"{'C': 10, 'coef0': 0, 'degree': 2, 'gamma': 0.05, 'kernel': 'poly'}",1.0,1.0,1.0,1.0,0.993,0.9986,0.0028000000000000026,52,1.0,1.0,1.0,1.0,1.0,1.0,0.0
92,2.22319917678833,0.3581037525823506,0.5406107902526855,0.07558830478874343,10,0.01,poly,0,3,"{'C': 10, 'coef0': 0, 'degree': 3, 'gamma': 0.01, 'kernel': 'poly'}",0.999,0.999,0.999,0.999,0.9965,0.9984999999999999,0.0009999999999999786,74,0.999,0.999,0.999,0.999,0.9995,0.9991,0.0002000000000000224
93,1.4802189350128174,0.12364699544422866,0.32637600898742675,0.03748766863130906,10,0.05,poly,0,3,"{'C': 10, 'coef0': 0, 'degree': 3, 'gamma': 0.05, 'kernel': 'poly'}",1.0,1.0,1.0,1.0,0.9965,0.9993000000000001,0.0013999999999999792,29,1.0,1.0,1.0,1.0,1.0,1.0,0.0
94,1.4432119846343994,0.14539201833256207,0.3135869026184082,0.05031836725737472,10,0.1,poly,0,3,"{'C': 10, 'coef0': 0, 'degree': 3, 'gamma': 0.1, 'kernel': 'poly'}",1.0,1.0,1.0,1.0,0.9965,0.9993000000000001,0.0013999999999999792,29,1.0,1.0,1.0,1.0,1.0,1.0,0.0
95,1.3956222057342529,0.16890581858942166,0.3123608112335205,0.03133527606664792,10,0.05,poly,0,3,"{'C': 10, 'coef0': 0, 'degree': 3, 'gamma': 0.05, 'kernel': 'poly'}",1.0,1.0,1.0,1.0,0.9965,0.9993000000000001,0.0013999999999999792,29,1.0,1.0,1.0,1.0,1.0,1.0,0.0
96,0.7434024333953857,0.042942762105610474,0.19420032501220702,0.01017212011955417,10,0.01,poly,1,2,"{'C': 10, 'coef0': 1, 'degree': 2, 'gamma': 0.01, 'kernel': 'poly'}",1.0,1.0,1.0,1.0,0.993,0.9986,0.0028000000000000026,52,1.0,1.0,1.0,1.0,1.0,1.0,0.0
97,0.7422150135040283,0.08716004202884248,0.21038603782653809,0.023653839637401673,10,0.05,poly,1,2,"{'C': 10, 'coef0': 1, 'degree': 2, 'gamma': 0.05, 'kernel': 'poly'}",1.0,1.0,1.0,1.0,0.997,0.9994,0.0012000000000000012,1,1.0,1.0,1.0,1.0,1.0,1.0,0.0
98,0.7446898460388184,0.061790555808704246,0.25400052070617674,0.0226425075180122,10,0.1,poly,1,2,"{'C': 10, 'coef0': 1, 'degree': 2, 'gamma': 0.1, 'kernel': 'poly'}",1.0,1.0,1.0,1.0,0.997,0.9994,0.0012000000000000012,1,1.0,1.0,1.0,1.0,1.0,1.0,0.0
99,0.7616159439086914,0.061251451722928174,0.22338514328002929,0.027621167363703156,10,0.05,poly,1,2,"{'C': 10, 'coef0': 1, 'degree': 2, 'gamma': 0.05, 'kernel': 'poly'}",1.0,1.0,1.0,1.0,0.997,0.9994,0.0012000000000000012,1,1.0,1.0,1.0,1.0,1.0,1.0,0.0
100,0.7268009662628174,0.07463989303856954,0.20221543312072754,0.01619951699866177,10,0.01,poly,1,3,"{'C': 10, 'coef0': 1, 'degree': 3, 'gamma': 0.01, 'kernel': 'poly'}",1.0,1.0,1.0,1.0,0.9955,0.9991,0.0017999999999999794,41,1.0,1.0,1.0,1.0,1.0,1.0,0.0
101,0.969602632522583,0.0536913939300865,0.27499995231628416,0.020915779563115442,10,0.05,poly,1,3,"{'C': 10, 'coef0': 1, 'degree': 3, 'gamma': 0.05, 'kernel': 'poly'}",1.0,1.0,1.0,1.0,0.997,0.9994,0.0012000000000000012,1,1.0,1.0,1.0,1.0,1.0,1.0,0.0
102,1.1856093406677246,0.11136241800161313,0.31240015029907225,0.04655644280686141,10,0.1,poly,1,3,"{'C': 10, 'coef0': 1, 'degree': 3, 'gamma': 0.1, 'kernel': 'poly'}",1.0,1.0,1.0,1.0,0.997,0.9994,0.0012000000000000012,1,1.0,1.0,1.0,1.0,1.0,1.0,0.0
103,0.9402062892913818,0.06814011120841407,0.2506100177764893,0.03268525216108913,10,0.05,poly,1,3,"{'C': 10, 'coef0': 1, 'degree': 3, 'gamma': 0.05, 'kernel': 'poly'}",1.0,1.0,1.0,1.0,0.997,0.9994,0.0012000000000000012,1,1.0,1.0,1.0,1.0,1.0,1.0,0.0
104,0.8328031539916992,0.06334192264799628,0.2020116329193115,0.026811506628718278,10,0.01,poly,10,2,"{'C': 10, 'coef0': 10, 'degree': 2, 'gamma': 0.01, 'kernel': 'poly'}",1.0,1.0,1.0,1.0,0.978,0.9955999999999999,0.00880000000000001,90,1.0,1.0,1.0,1.0,1.0,1.0,0.0
105,0.7134163856506348,0.07282279758024024,0.1876002311706543,0.006770117503163766,10,0.05,poly,10,2,"{'C': 10, 'coef0': 10, 'degree': 2, 'gamma': 0.05, 'kernel': 'poly'}",1.0,1.0,1.0,1.0,0.99,0.998,0.0040000000000000036,77,1.0,1.0,1.0,1.0,1.0,1.0,0.0
106,0.666400957107544,0.06165725942861115,0.20940465927124025,0.009135047790920945,10,0.1,poly,10,2,"{'C': 10, 'coef0': 10, 'degree': 2, 'gamma': 0.1, 'kernel': 'poly'}",1.0,1.0,1.0,1.0,0.993,0.9986,0.0028000000000000026,52,1.0,1.0,1.0,1.0,1.0,1.0,0.0
107,0.7586071491241455,0.09310696527214639,0.20299625396728516,0.032001444103353045,10,0.05,poly,10,2,"{'C': 10, 'coef0': 10, 'degree': 2, 'gamma': 0.05, 'kernel': 'poly'}",1.0,1.0,1.0,1.0,0.99,0.998,0.0040000000000000036,77,1.0,1.0,1.0,1.0,1.0,1.0,0.0
108,0.7822028160095215,0.04339311852716502,0.20725150108337403,0.02531904210229234,10,0.01,poly,10,3,"{'C': 10, 'coef0': 10, 'degree': 3, 'gamma': 0.01, 'kernel': 'poly'}",1.0,1.0,1.0,1.0,0.985,0.9970000000000001,0.006000000000000005,84,1.0,1.0,1.0,1.0,1.0,1.0,0.0
109,0.6631996631622314,0.04742787149924049,0.18140907287597657,0.03108572590408958,10,0.05,poly,10,3,"{'C': 10, 'coef0': 10, 'degree': 3, 'gamma': 0.05, 'kernel': 'poly'}",1.0,1.0,1.0,1.0,0.993,0.9986,0.0028000000000000026,52,1.0,1.0,1.0,1.0,1.0,1.0,0.0
110,0.6290017127990722,0.049231498122581846,0.1840299606323242,0.018075700561328272,10,0.1,poly,10,3,"{'C': 10, 'coef0': 10, 'degree': 3, 'gamma': 0.1, 'kernel': 'poly'}",1.0,1.0,1.0,1.0,0.9955,0.9991,0.0017999999999999794,41,1.0,1.0,1.0,1.0,1.0,1.0,0.0
111,0.6474175930023194,0.05006430562261915,0.19730019569396973,0.026360390990451028,10,0.05,poly,10,3,"{'C': 10, 'coef0': 10, 'degree': 3, 'gamma': 0.05, 'kernel': 'poly'}",1.0,1.0,1.0,1.0,0.993,0.9986,0.0028000000000000026,52,1.0,1.0,1.0,1.0,1.0,1.0,0.0
112,3.9209471702575684,0.1054673934600785,1.6791683673858642,0.09096418995018106,0.1,0.01,sigmoid,0,,"{'C': 0.1, 'coef0': 0, 'gamma': 0.01, 'kernel': 'sigmoid'}",0.901,0.901,0.901,0.901,0.9485,0.9105000000000001,0.018999999999999993,114,0.9125,0.9125,0.9125,0.9125,0.9055,0.9111,0.0028000000000000026
113,2.7098032951354982,0.036823334254525386,1.3524413108825684,0.17092411155206888,0.1,0.05,sigmoid,0,,"{'C': 0.1, 'coef0': 0, 'gamma': 0.05, 'kernel': 'sigmoid'}",0.716,0.716,0.716,0.716,0.8235,0.7375,0.04300000000000002,120,0.743875,0.743875,0.743875,0.743875,0.705,0.7361,0.015549999999999996
114,3.693020534515381,0.11810801711967099,1.8079072475433349,0.09906942882528164,0.1,0.1,sigmoid,0,,"{'C': 0.1, 'coef0': 0, 'gamma': 0.1, 'kernel': 'sigmoid'}",0.476,0.476,0.476,0.476,0.6355,0.5079,0.0638,141,0.5115,0.5115,0.5115,0.5115,0.479,0.505,0.012999999999999989
115,2.8426434993743896,0.04349706075348132,1.4489193916320802,0.13020857983737708,0.1,0.05,sigmoid,0,,"{'C': 0.1, 'coef0': 0, 'gamma': 0.05, 'kernel': 'sigmoid'}",0.716,0.716,0.716,0.716,0.8235,0.7375,0.04300000000000002,120,0.743875,0.743875,0.743875,0.743875,0.705,0.7361,0.015549999999999996
116,7.03262677192688,0.15121914641928802,2.3791486740112306,0.06614128123916943,0.1,0.01,sigmoid,1,,"{'C': 0.1, 'coef0': 1, 'gamma': 0.01, 'kernel': 'sigmoid'}",0.85,0.85,0.85,0.85,0.8985,0.8596999999999999,0.019399999999999994,117,0.86675,0.86675,0.86675,0.86675,0.8465,0.8627,0.008099999999999996
117,5.139409971237183,0.0925035355090276,2.0428983688354494,0.09403529983351976,0.1,0.05,sigmoid,1,,"{'C': 0.1, 'coef0': 1, 'gamma': 0.05, 'kernel': 'sigmoid'}",0.6045,0.6045,0.6045,0.6045,0.7385,0.6313000000000001,0.0536,133,0.642,0.642,0.642,0.642,0.59,0.6315999999999999,0.02080000000000002
118,5.399395084381103,0.11141323633153002,2.202221727371216,0.06396176298809693,0.1,0.1,sigmoid,1,,"{'C': 0.1, 'coef0': 1, 'gamma': 0.1, 'kernel': 'sigmoid'}",0.393,0.393,0.393,0.393,0.4985,0.4141,0.042199999999999994,153,0.422,0.422,0.422,0.422,0.3695,0.41150000000000003,0.020999999999999998
119,5.268830919265747,0.08900945136832787,2.0726807594299315,0.04082003382020796,0.1,0.05,sigmoid,1,,"{'C': 0.1, 'coef0': 1, 'gamma': 0.05, 'kernel': 'sigmoid'}",0.6045,0.6045,0.6045,0.6045,0.7385,0.6313000000000001,0.0536,133,0.642,0.642,0.642,0.642,0.59,0.6315999999999999,0.02080000000000002
120,13.62563705444336,0.08275401563423888,2.5889564990997314,0.1931730827527891,0.1,0.01,sigmoid,10,,"{'C': 0.1, 'coef0': 10, 'gamma': 0.01, 'kernel': 'sigmoid'}",0.712,0.712,0.712,0.712,0.7875,0.7271,0.030200000000000005,122,0.73325,0.73325,0.73325,0.73325,0.707,0.728,0.010499999999999999
121,13.920041799545288,0.20479107375618796,2.77028226852417,0.16372469434122444,0.1,0.05,sigmoid,10,,"{'C': 0.1, 'coef0': 10, 'gamma': 0.05, 'kernel': 'sigmoid'}",0.4825,0.4825,0.4825,0.4825,0.5705,0.5001,0.03520000000000001,142,0.5025,0.5025,0.5025,0.5025,0.4985,0.5016999999999999,0.0015999999999999793
122,14.473899936676025,0.30562165906522887,2.6382294654846192,0.17961398873900322,0.1,0.1,sigmoid,10,,"{'C': 0.1, 'coef0': 10, 'gamma': 0.1, 'kernel': 'sigmoid'}",0.229,0.229,0.229,0.229,0.302,0.24359999999999998,0.029199999999999993,157,0.24025,0.24025,0.24025,0.24025,0.2635,0.24489999999999998,0.009300000000000008
123,14.017637252807617,0.349481600763132,2.612510395050049,0.0861055671779582,0.1,0.05,sigmoid,10,,"{'C': 0.1, 'coef0': 10, 'gamma': 0.05, 'kernel': 'sigmoid'}",0.4825,0.4825,0.4825,0.4825,0.5705,0.5001,0.03520000000000001,142,0.5025,0.5025,0.5025,0.5025,0.4985,0.5016999999999999,0.0015999999999999793
124,2.1082334995269774,0.3546797576395095,0.9006949901580811,0.13629504104706203,1,0.01,sigmoid,0,,"{'C': 1, 'coef0': 0, 'gamma': 0.01, 'kernel': 'sigmoid'}",0.9295,0.9295,0.9295,0.9295,0.9625,0.9361,0.01320000000000001,113,0.939625,0.939625,0.939625,0.939625,0.9295,0.9376000000000001,0.004050000000000021
125,1.815958595275879,0.06032890477139208,1.026815700531006,0.19827613669740088,1,0.05,sigmoid,0,,"{'C': 1, 'coef0': 0, 'gamma': 0.05, 'kernel': 'sigmoid'}",0.6235,0.6235,0.6235,0.6235,0.764,0.6516,0.056199999999999986,127,0.656,0.656,0.656,0.656,0.609,0.6466000000000001,0.018800000000000015
126,3.008221244812012,0.19901112827294903,1.4259169578552247,0.014305277850015953,1,0.1,sigmoid,0,,"{'C': 1, 'coef0': 0, 'gamma': 0.1, 'kernel': 'sigmoid'}",0.437,0.437,0.437,0.437,0.601,0.46980000000000005,0.06559999999999999,152,0.475,0.475,0.475,0.475,0.4505,0.47009999999999996,0.009799999999999986
127,1.7669387340545655,0.09007736015249267,0.933404016494751,0.06734342223863937,1,0.05,sigmoid,0,,"{'C': 1, 'coef0': 0, 'gamma': 0.05, 'kernel': 'sigmoid'}",0.6235,0.6235,0.6235,0.6235,0.764,0.6516,0.056199999999999986,127,0.656,0.656,0.656,0.656,0.609,0.6466000000000001,0.018800000000000015
128,2.8991700172424317,0.1815759405411651,1.315418815612793,0.13818744730715207,1,0.01,sigmoid,1,,"{'C': 1, 'coef0': 1, 'gamma': 0.01, 'kernel': 'sigmoid'}",0.8555,0.855,0.855,0.855,0.9195,0.868,0.025750728145044748,115,0.874,0.873625,0.873625,0.873625,0.851,0.8691749999999999,0.009088660517369987
129,3.318817663192749,0.13540711910783731,1.3555903911590577,0.12814820626671833,1,0.05,sigmoid,1,,"{'C': 1, 'coef0': 1, 'gamma': 0.05, 'kernel': 'sigmoid'}",0.494,0.494,0.494,0.494,0.6635,0.5279,0.0678,135,0.535,0.535,0.535,0.535,0.49,0.526,0.018000000000000016
130,4.147161483764648,0.18125481560319062,1.7730889797210694,0.0932311304864951,1,0.1,sigmoid,1,,"{'C': 1, 'coef0': 1, 'gamma': 0.1, 'kernel': 'sigmoid'}",0.355,0.355,0.355,0.355,0.4675,0.3775,0.04500000000000002,155,0.3825,0.3825,0.3825,0.3825,0.339,0.3738,0.017399999999999992
131,3.129807138442993,0.05901546363554922,1.3519959449768066,0.10860822248078009,1,0.05,sigmoid,1,,"{'C': 1, 'coef0': 1, 'gamma': 0.05, 'kernel': 'sigmoid'}",0.494,0.494,0.494,0.494,0.6635,0.5279,0.0678,135,0.535,0.535,0.535,0.535,0.49,0.526,0.018000000000000016
132,2269.106663274765,1126.4923180876,4.455026292800904,0.9616189262698159,1,0.01,sigmoid,10,,"{'C': 1, 'coef0': 10, 'gamma': 0.01, 'kernel': 'sigmoid'}",0.712,0.712,0.712,0.712,0.7875,0.7271,0.030200000000000005,122,0.73325,0.73325,0.73325,0.73325,0.707,0.728,0.010499999999999999
133,14.943800926208496,0.5405353572084113,2.571828556060791,0.024210788616741006,1,0.05,sigmoid,10,,"{'C': 1, 'coef0': 10, 'gamma': 0.05, 'kernel': 'sigmoid'}",0.4825,0.4825,0.4825,0.4825,0.5705,0.5001,0.03520000000000001,142,0.5025,0.5025,0.5025,0.5025,0.4985,0.5016999999999999,0.0015999999999999793
134,13.960192584991455,0.5444221913213876,2.5646665573120115,0.15950568343179508,1,0.1,sigmoid,10,,"{'C': 1, 'coef0': 10, 'gamma': 0.1, 'kernel': 'sigmoid'}",0.229,0.229,0.229,0.229,0.302,0.24359999999999998,0.029199999999999993,157,0.24025,0.24025,0.24025,0.24025,0.2635,0.24489999999999998,0.009300000000000008
135,13.23739676475525,0.3592023640012272,2.4567655086517335,0.039509508286725524,1,0.05,sigmoid,10,,"{'C': 1, 'coef0': 10, 'gamma': 0.05, 'kernel': 'sigmoid'}",0.4825,0.4825,0.4825,0.4825,0.5705,0.5001,0.03520000000000001,142,0.5025,0.5025,0.5025,0.5025,0.4985,0.5016999999999999,0.0015999999999999793
136,1.1970495700836181,0.040937243096445496,0.43855600357055663,0.03342093684211935,5,0.01,sigmoid,0,,"{'C': 5, 'coef0': 0, 'gamma': 0.01, 'kernel': 'sigmoid'}",0.9505,0.9505,0.9505,0.9505,0.963,0.953,0.004999999999999982,109,0.957,0.957,0.957,0.957125,0.9465,0.954925,0.00421277818072586
137,1.4992725849151611,0.06943298699668424,0.815691328048706,0.04464648363325198,5,0.05,sigmoid,0,,"{'C': 5, 'coef0': 0, 'gamma': 0.05, 'kernel': 'sigmoid'}",0.609,0.609,0.609,0.609,0.7635,0.6399,0.061799999999999994,129,0.645125,0.645125,0.645125,0.645125,0.61,0.6380999999999999,0.014049999999999984
138,2.5469783782958983,0.08481786475372387,1.3679736614227296,0.04647385419815045,5,0.1,sigmoid,0,,"{'C': 5, 'coef0': 0, 'gamma': 0.1, 'kernel': 'sigmoid'}",0.442,0.442,0.442,0.442,0.6045,0.47450000000000003,0.06500000000000002,151,0.478625,0.478625,0.478625,0.478625,0.444,0.47170000000000006,0.013850000000000006
139,1.4961078643798829,0.07124336370328775,0.8319015026092529,0.09804396834762773,5,0.05,sigmoid,0,,"{'C': 5, 'coef0': 0, 'gamma': 0.05, 'kernel': 'sigmoid'}",0.609,0.609,0.609,0.609,0.7635,0.6399,0.061799999999999994,129,0.645125,0.645125,0.645125,0.645125,0.61,0.6380999999999999,0.014049999999999984
140,1.7022170066833495,0.05187616721659481,0.7514439582824707,0.038957946660669415,5,0.01,sigmoid,1,,"{'C': 5, 'coef0': 1, 'gamma': 0.01, 'kernel': 'sigmoid'}",0.8085,0.8085,0.8085,0.8085,0.8845,0.8237,0.030399999999999983,118,0.829625,0.829625,0.829625,0.829625,0.804,0.8244999999999999,0.010249999999999959
141,2.709516906738281,0.10745525961180374,1.188863182067871,0.07188326153706824,5,0.05,sigmoid,1,,"{'C': 5, 'coef0': 1, 'gamma': 0.05, 'kernel': 'sigmoid'}",0.477,0.477,0.477,0.477,0.6595,0.5135,0.073,137,0.519125,0.519125,0.519125,0.519125,0.481,0.5115,0.015249999999999986
142,3.781652593612671,0.0944740904973818,1.601503610610962,0.0761439031565555,5,0.1,sigmoid,1,,"{'C': 5, 'coef0': 1, 'gamma': 0.1, 'kernel': 'sigmoid'}",0.3585,0.3585,0.3585,0.3585,0.461,0.379,0.041000000000000016,154,0.388125,0.388125,0.388125,0.388125,0.3335,0.37720000000000004,0.02184999999999999
143,2.7287163734436035,0.13864428127488443,1.162855052947998,0.04068451700512333,5,0.05,sigmoid,1,,"{'C': 5, 'coef0': 1, 'gamma': 0.05, 'kernel': 'sigmoid'}",0.477,0.477,0.477,0.477,0.6595,0.5135,0.073,137,0.519125,0.519125,0.519125,0.519125,0.481,0.5115,0.015249999999999986
144,12.954054975509644,0.29275897071813256,2.383546304702759,0.13265885665659746,5,0.01,sigmoid,10,,"{'C': 5, 'coef0': 10, 'gamma': 0.01, 'kernel': 'sigmoid'}",0.712,0.712,0.712,0.712,0.7875,0.7271,0.030200000000000005,122,0.73325,0.73325,0.73325,0.73325,0.707,0.728,0.010499999999999999
145,13.176383686065673,0.3177754803476407,2.532152509689331,0.1886882024060652,5,0.05,sigmoid,10,,"{'C': 5, 'coef0': 10, 'gamma': 0.05, 'kernel': 'sigmoid'}",0.4825,0.4825,0.4825,0.4825,0.5705,0.5001,0.03520000000000001,142,0.5025,0.5025,0.5025,0.5025,0.4985,0.5016999999999999,0.0015999999999999793
146,15.00480251312256,1.310818444031628,3.3036591529846193,0.8628413542235385,5,0.1,sigmoid,10,,"{'C': 5, 'coef0': 10, 'gamma': 0.1, 'kernel': 'sigmoid'}",0.229,0.229,0.229,0.229,0.302,0.24359999999999998,0.029199999999999993,157,0.24025,0.24025,0.24025,0.24025,0.2635,0.24489999999999998,0.009300000000000008
147,25.073152112960816,2.8584820830286857,4.559554767608643,0.14136046644021377,5,0.05,sigmoid,10,,"{'C': 5, 'coef0': 10, 'gamma': 0.05, 'kernel': 'sigmoid'}",0.4825,0.4825,0.4825,0.4825,0.5705,0.5001,0.03520000000000001,142,0.5025,0.5025,0.5025,0.5025,0.4985,0.5016999999999999,0.0015999999999999793
148,2.3960989475250245,0.05085500695120428,0.8453839302062989,0.051129042445099436,10,0.01,sigmoid,0,,"{'C': 10, 'coef0': 0, 'gamma': 0.01, 'kernel': 'sigmoid'}",0.951,0.951,0.951,0.951,0.96,0.9527999999999999,0.003600000000000003,110,0.957875,0.957875,0.957875,0.957875,0.9525,0.9568,0.0021500000000000074
149,3.2093204975128176,0.08312078616698954,1.6426544189453125,0.07168614834984503,10,0.05,sigmoid,0,,"{'C': 10, 'coef0': 0, 'gamma': 0.05, 'kernel': 'sigmoid'}",0.603,0.6025,0.6025,0.6025,0.7625,0.6346,0.06395029319713864,131,0.6395,0.639125,0.639125,0.639125,0.613,0.633975,0.01048850561328926
150,5.407783174514771,0.20157485621353888,2.6661850452423095,0.13164229157772542,10,0.1,sigmoid,0,,"{'C': 10, 'coef0': 0, 'gamma': 0.1, 'kernel': 'sigmoid'}",0.4435,0.4435,0.4435,0.4435,0.601,0.475,0.06299999999999999,150,0.478875,0.478875,0.478875,0.478875,0.438,0.4707,0.01635
151,3.1046271324157715,0.06884432488420054,1.6744162559509277,0.08390619423259056,10,0.05,sigmoid,0,,"{'C': 10, 'coef0': 0, 'gamma': 0.05, 'kernel': 'sigmoid'}",0.603,0.6025,0.6025,0.6025,0.7625,0.6346,0.06395029319713864,131,0.6395,0.639125,0.639125,0.639125,0.613,0.633975,0.01048850561328926
152,2.994497776031494,0.0882008551912464,1.325573778152466,0.10336266121343787,10,0.01,sigmoid,1,,"{'C': 10, 'coef0': 1, 'gamma': 0.01, 'kernel': 'sigmoid'}",0.782,0.782,0.782,0.782,0.856,0.7968,0.02959999999999998,119,0.80375,0.80375,0.80375,0.80375,0.7835,0.7997,0.008099999999999996
153,5.535044860839844,0.16372311498417907,2.162229585647583,0.05828613535658111,10,0.05,sigmoid,1,,"{'C': 10, 'coef0': 1, 'gamma': 0.05, 'kernel': 'sigmoid'}",0.4785,0.4785,0.4785,0.4785,0.65,0.5128,0.06860000000000002,139,0.519125,0.519125,0.519125,0.519125,0.4845,0.5122,0.013849999999999984
154,7.01552300453186,0.315440922444247,2.6838555335998535,0.11179727812860973,10,0.1,sigmoid,1,,"{'C': 10, 'coef0': 1, 'gamma': 0.1, 'kernel': 'sigmoid'}",0.354,0.354,0.354,0.354,0.46,0.3752,0.042400000000000014,156,0.383625,0.383625,0.383625,0.383625,0.3345,0.3738,0.01964999999999999
155,5.324162387847901,0.1496919704224946,2.1117198944091795,0.13749320830814044,10,0.05,sigmoid,1,,"{'C': 10, 'coef0': 1, 'gamma': 0.05, 'kernel': 'sigmoid'}",0.4785,0.4785,0.4785,0.4785,0.65,0.5128,0.06860000000000002,139,0.519125,0.519125,0.519125,0.519125,0.4845,0.5122,0.013849999999999984
156,24.116521644592286,0.7036907184964437,4.115137529373169,0.23274862196718435,10,0.01,sigmoid,10,,"{'C': 10, 'coef0': 10, 'gamma': 0.01, 'kernel': 'sigmoid'}",0.712,0.712,0.712,0.712,0.7875,0.7271,0.030200000000000005,122,0.73325,0.73325,0.73325,0.73325,0.707,0.728,0.010499999999999999
157,25.85389862060547,0.48767838137972497,4.314476251602173,0.05006814401454375,10,0.05,sigmoid,10,,"{'C': 10, 'coef0': 10, 'gamma': 0.05, 'kernel': 'sigmoid'}",0.4825,0.4825,0.4825,0.4825,0.5705,0.5001,0.03520000000000001,142,0.5025,0.5025,0.5025,0.5025,0.4985,0.5016999999999999,0.0015999999999999793
158,26.358986473083498,0.44168758298706623,4.503000259399414,0.08054347459246493,10,0.1,sigmoid,10,,"{'C': 10, 'coef0': 10, 'gamma': 0.1, 'kernel': 'sigmoid'}",0.229,0.229,0.229,0.229,0.302,0.24359999999999998,0.029199999999999993,157,0.24025,0.24025,0.24025,0.24025,0.2635,0.24489999999999998,0.009300000000000008
159,25.874870157241823,0.6348320714669267,4.394752502441406,0.14040911469702602,10,0.05,sigmoid,10,,"{'C': 10, 'coef0': 10, 'gamma': 0.05, 'kernel': 'sigmoid'}",0.4825,0.4825,0.4825,0.4825,0.5705,0.5001,0.03520000000000001,142,0.5025,0.5025,0.5025,0.5025,0.4985,0.5016999999999999,0.0015999999999999793
